code_count_in_pokos,code_completion_in_bytes,code_completion_in_percentage,data_count_in_treasures,data_completion_in_bytes,data_completion_in_percentage,sentence,created_at
241,112264,0.02413059029067448,12,42958,0.060261820059030156,"
You have 241 out of 10000 Pokos and 12 out of 201 treasures.",2022-08-16 23:46:56.172298
242,112940,0.024275893139642055,12,43005,0.06032775202846016,"
You have 242 out of 10000 Pokos and 12 out of 201 treasures.",2022-08-21 16:38:09.962265
242,112996,0.024287930062041736,12,43005,0.06032775202846016,"
You have 242 out of 10000 Pokos and 12 out of 201 treasures.",2022-08-21 19:06:09.796249
243,113136,0.02431802236804094,12,43005,0.06032775202846016,"
You have 243 out of 10000 Pokos and 12 out of 201 treasures.",2022-08-21 22:00:20.683917
244,113688,0.024436672031694938,12,43045,0.06038386434286869,"
You have 244 out of 10000 Pokos and 12 out of 201 treasures.",2022-08-22 22:18:33.289204
245,114428,0.024595731363405003,12,43045,0.06038386434286869,"
You have 245 out of 10000 Pokos and 12 out of 201 treasures.",2022-08-23 15:00:23.759969
247,115232,0.024768547177857564,12,43049,0.060389475574309535,"
You have 247 out of 10000 Pokos and 12 out of 201 treasures.",2022-08-25 15:28:51.499797
251,116888,0.025124496168819555,12,43580,0.061134366548082644,"
You have 251 out of 10000 Pokos and 12 out of 201 treasures.",2022-08-25 17:17:09.135214
256,119284,0.025639504491491615,12,43879,0.06155380609828633,"
You have 256 out of 10000 Pokos and 12 out of 201 treasures.",2022-08-26 16:48:02.191468
256,119524,0.02569109130177596,12,44151,0.06193536983626426,"
You have 256 out of 10000 Pokos and 12 out of 201 treasures.",2022-08-26 17:42:55.691665
257,119684,0.025725482508632193,12,44041,0.061781060971640836,"
You have 257 out of 10000 Pokos and 12 out of 201 treasures.",2022-08-26 18:46:42.830782
259,120836,0.025973099197997056,12,44330,0.062186472443242394,"
You have 259 out of 10000 Pokos and 12 out of 201 treasures.",2022-08-28 22:34:46.890770
274,127500,0.027405492963559076,12,44910,0.06300010100216594,"
You have 274 out of 10000 Pokos and 12 out of 201 treasures.",2022-09-05 08:55:29.535672
277,128932,0.027713294264922344,12,45111,0.06328206538206875,"
You have 277 out of 10000 Pokos and 12 out of 201 treasures.",2022-09-07 19:43:10.872945
278,129704,0.02787923183800366,12,45980,0.06450110541259385,"
You have 278 out of 10000 Pokos and 12 out of 201 treasures.",2022-09-07 22:01:27.383470
279,129992,0.027941136010344876,12,45980,0.06450110541259385,"
You have 279 out of 10000 Pokos and 12 out of 201 treasures.",2022-09-08 10:45:23.665506
280,130684,0.028089877979998075,13,46221,0.06483918210690519,"
You have 280 out of 10000 Pokos and 13 out of 201 treasures.",2022-09-08 11:05:23.222192
282,131400,0.028243778630679707,13,46361,0.06503557520733501,"
You have 282 out of 10000 Pokos and 13 out of 201 treasures.",2022-09-09 09:40:01.201537
294,137188,0.029487880538703864,14,50051,0.07021193621152098,"
You have 294 out of 10000 Pokos and 14 out of 201 treasures.",2022-09-09 11:52:14.528271
299,139388,0.02996075963297704,14,50095,0.07027365975737035,"
You have 299 out of 10000 Pokos and 14 out of 201 treasures.",2022-09-13 23:08:59.120787
301,140072,0.030107782042287427,14,50163,0.07036905069186483,"
You have 301 out of 10000 Pokos and 14 out of 201 treasures.",2022-09-14 00:21:32.742504
302,140780,0.03025996313262625,14,50420,0.07072957231193958,"
You have 302 out of 10000 Pokos and 14 out of 201 treasures.",2022-09-14 09:57:22.228248
308,143464,0.030836875627639527,14,50480,0.07081374078355236,"
You have 308 out of 10000 Pokos and 14 out of 201 treasures.",2022-09-14 15:51:57.068322
309,144096,0.03097272089472164,14,50621,0.07101153669184239,"
You have 309 out of 10000 Pokos and 14 out of 201 treasures.",2022-09-15 12:45:29.762312
310,144636,0.031088791217861417,14,50657,0.07106203777481006,"
You have 310 out of 10000 Pokos and 14 out of 201 treasures.",2022-09-15 15:31:12.472094
314,146508,0.03149116833807932,14,51678,0.07249430460008753,"
You have 314 out of 10000 Pokos and 14 out of 201 treasures.",2022-09-16 11:52:04.443294
319,148616,0.03194427248841016,14,52003,0.07295021715465676,"
You have 319 out of 10000 Pokos and 14 out of 201 treasures.",2022-09-16 22:37:29.510332
321,149744,0.03218673049674659,14,52863,0.07415663191443994,"
You have 321 out of 10000 Pokos and 14 out of 201 treasures.",2022-09-18 15:51:08.500698
327,152584,0.032797174418444694,15,54685,0.07671254783574803,"
You have 327 out of 10000 Pokos and 15 out of 201 treasures.",2022-09-18 19:28:53.567326
333,155128,0.033343994607458766,15,56499,0.07925724129417441,"
You have 333 out of 10000 Pokos and 15 out of 201 treasures.",2022-09-18 19:53:09.759187
339,158128,0.033988829736013096,16,57374,0.0804846981718608,"
You have 339 out of 10000 Pokos and 16 out of 201 treasures.",2022-09-19 01:25:54.216638
361,167980,0.03610646829818552,16,58096,0.08149752544693459,"
You have 361 out of 10000 Pokos and 16 out of 201 treasures.",2022-09-20 16:42:39.587564
375,174868,0.037587009753346265,16,58669,0.08230133435083664,"
You have 375 out of 10000 Pokos and 16 out of 201 treasures.",2022-09-21 12:55:36.381628
384,178652,0.03840036179549613,16,59264,0.08313600502766337,"
You have 384 out of 10000 Pokos and 16 out of 201 treasures.",2022-09-21 16:31:37.671834
385,179264,0.03853190816172121,16,59340,0.08324261842503956,"
You have 385 out of 10000 Pokos and 16 out of 201 treasures.",2022-09-21 17:56:21.178845
387,180432,0.038782963971771695,16,59420,0.0833548430538566,"
You have 387 out of 10000 Pokos and 16 out of 201 treasures.",2022-09-21 18:11:39.731656
389,181280,0.03896523736810972,16,59493,0.08345724802765214,"
You have 389 out of 10000 Pokos and 16 out of 201 treasures.",2022-09-21 18:49:17.404072
391,182108,0.03914321186359072,16,59673,0.08370975344249049,"
You have 391 out of 10000 Pokos and 16 out of 201 treasures.",2022-09-21 19:17:28.286393
393,183044,0.03934440042369967,16,59711,0.08376306014117858,"
You have 393 out of 10000 Pokos and 16 out of 201 treasures.",2022-09-21 19:36:11.043398
397,184796,0.039720984138775395,17,61403,0.08613661104065898,"
You have 397 out of 10000 Pokos and 17 out of 201 treasures.",2022-09-21 20:11:38.175466
399,185772,0.03993077050059841,17,62227,0.08729252471747449,"
You have 399 out of 10000 Pokos and 17 out of 201 treasures.",2022-09-21 20:20:38.039724
402,187188,0.04023513268127605,17,62477,0.08764322668252775,"
You have 402 out of 10000 Pokos and 17 out of 201 treasures.",2022-09-21 21:09:28.665507
405,188616,0.040542074202467915,17,62651,0.08788731525020481,"
You have 405 out of 10000 Pokos and 17 out of 201 treasures.",2022-09-23 00:39:55.601739
412,191700,0.04120496471462177,17,62803,0.08810054204495718,"
You have 412 out of 10000 Pokos and 17 out of 201 treasures.",2022-09-23 01:10:34.780061
414,192996,0.04148353349015724,17,63112,0.088534009673763,"
You have 414 out of 10000 Pokos and 17 out of 201 treasures.",2022-09-23 10:39:14.583985
441,205272,0.04412219883620156,18,66547,0.09335265467359467,"
You have 441 out of 10000 Pokos and 18 out of 201 treasures.",2022-09-24 23:45:46.302973
445,207096,0.044514258594362595,18,66871,0.09380716442030368,"
You have 445 out of 10000 Pokos and 18 out of 201 treasures.",2022-09-25 02:08:46.680860
449,209144,0.04495446604212235,19,67731,0.09501357918008686,"
You have 449 out of 10000 Pokos and 19 out of 201 treasures.",2022-09-28 08:49:14.326110
454,211628,0.045488389528565334,19,67756,0.09504864937659219,"
You have 454 out of 10000 Pokos and 19 out of 201 treasures.",2022-10-01 13:37:47.988651
460,214120,0.046024032575351134,19,67998,0.09538812887876373,"
You have 460 out of 10000 Pokos and 19 out of 201 treasures.",2022-10-01 14:01:15.723059
465,216672,0.04657257232470802,19,68339,0.09586648635909636,"
You have 465 out of 10000 Pokos and 19 out of 201 treasures.",2022-10-03 10:02:19.893589
484,225436,0.048456350680258074,19,69347,0.09728051668219108,"
You have 484 out of 10000 Pokos and 19 out of 201 treasures.",2022-10-04 13:01:52.473778
491,228600,0.04913643679584004,19,69722,0.09780656962977095,"
You have 491 out of 10000 Pokos and 19 out of 201 treasures.",2022-10-04 15:14:45.682320
500,233060,0.05009509168695748,19,70248,0.098544446564243,"
You have 500 out of 10000 Pokos and 19 out of 201 treasures.",2022-10-04 16:48:08.632777
503,234400,0.050383118044378415,19,70252,0.09855005779568383,"
You have 503 out of 10000 Pokos and 19 out of 201 treasures.",2022-10-06 23:34:37.280323
514,239196,0.05141399446989394,19,70672,0.0991392370969733,"
You have 514 out of 10000 Pokos and 19 out of 201 treasures.",2022-10-08 14:12:04.497911
520,242304,0.05208204366307623,20,71020,0.09962741423232743,"
You have 520 out of 10000 Pokos and 20 out of 201 treasures.",2022-10-09 00:44:36.868521
524,244116,0.05247152408072304,20,71081,0.09971298551180043,"
You have 524 out of 10000 Pokos and 20 out of 201 treasures.",2022-10-09 20:04:47.684442
541,251820,0.054127460690850566,20,71761,0.10066689485674526,"
You have 541 out of 10000 Pokos and 20 out of 201 treasures.",2022-10-10 00:30:39.199103
572,266384,0.05725792029493899,20,73074,0.10250878157720493,"
You have 572 out of 10000 Pokos and 20 out of 201 treasures.",2022-10-12 00:57:29.806168
582,271112,0.05827418045754062,21,76934,0.10792361991762713,"
You have 582 out of 10000 Pokos and 21 out of 201 treasures.",2022-10-15 16:47:19.782708
586,272648,0.05860433604336043,21,77805,0.10914546556387265,"
You have 586 out of 10000 Pokos and 21 out of 201 treasures.",2022-10-15 17:06:46.885774
589,274104,0.05891729602575214,21,77825,0.1091735217210769,"
You have 589 out of 10000 Pokos and 21 out of 201 treasures.",2022-10-16 10:04:04.021515
602,280348,0.06025941287331655,22,78374,0.10994366323633385,"
You have 602 out of 10000 Pokos and 22 out of 201 treasures.",2022-10-16 20:53:20.593180
611,284280,0.061104576781808424,22,79415,0.11140398621881559,"
You have 611 out of 10000 Pokos and 22 out of 201 treasures.",2022-10-17 12:55:48.460471
616,286888,0.06166515345356499,22,79683,0.11177993872535266,"
You have 616 out of 10000 Pokos and 22 out of 201 treasures.",2022-10-20 15:11:17.823210
618,287620,0.06182249322493225,22,79973,0.11218675300481444,"
You have 618 out of 10000 Pokos and 22 out of 201 treasures.",2022-10-20 17:06:14.217991
620,288660,0.062046036069497754,22,80338,0.11269877787379218,"
You have 620 out of 10000 Pokos and 22 out of 201 treasures.",2022-10-20 17:16:46.498041
622,289396,0.06220423562103641,22,80639,0.1131210230397163,"
You have 622 out of 10000 Pokos and 22 out of 201 treasures.",2022-10-20 18:36:09.371762
626,291628,0.06268399295668084,23,82719,0.11603886338895934,"
You have 626 out of 10000 Pokos and 23 out of 201 treasures.",2022-10-20 20:06:20.443747
665,309560,0.06653838746509293,27,96737,0.13570342397342522,"
You have 665 out of 10000 Pokos and 27 out of 201 treasures.",2022-10-20 21:42:45.116685
672,312652,0.06720299753758958,27,98043,0.1375354910388634,"
You have 672 out of 10000 Pokos and 27 out of 201 treasures.",2022-10-20 22:23:17.413592
694,322948,0.06941607169878805,28,101026,0.14172006688587876,"
You have 694 out of 10000 Pokos and 28 out of 201 treasures.",2022-10-20 19:44:24.883386
696,324116,0.06966712750883854,28,101356,0.14218299347974905,"
You have 696 out of 10000 Pokos and 28 out of 201 treasures.",2022-10-21 12:32:01.653234
708,329760,0.07088027733069209,29,104143,0.14609261898616271,"
You have 708 out of 10000 Pokos and 29 out of 201 treasures.",2022-10-21 13:41:02.342251
724,337216,0.07248290757019245,30,108745,0.15254834075886295,"
You have 724 out of 10000 Pokos and 30 out of 201 treasures.",2022-10-21 17:04:55.692242
727,338240,0.07270301129407233,31,110530,0.15505235278934315,"
You have 727 out of 10000 Pokos and 31 out of 201 treasures.",2022-10-21 17:28:37.207479
749,348644,0.07493929951989875,32,115769,0.16240166316899907,"
You have 749 out of 10000 Pokos and 32 out of 201 treasures.",2022-10-21 20:33:26.313194
760,353732,0.0760329398979269,33,118660,0.16645718069287485,"
You have 760 out of 10000 Pokos and 33 out of 201 treasures.",2022-10-22 01:02:00.514595
776,361260,0.07765104618051256,35,124744,0.17499186371441078,"
You have 776 out of 10000 Pokos and 35 out of 201 treasures.",2022-10-22 14:58:01.997554
793,369092,0.07933449575612507,35,124892,0.17519947927772228,"
You have 793 out of 10000 Pokos and 35 out of 201 treasures.",2022-10-22 23:27:36.179698
805,374840,0.08056999986243517,36,129055,0.181039368399789,"
You have 805 out of 10000 Pokos and 36 out of 201 treasures.",2022-10-23 00:32:31.962409
826,384704,0.08269021776512181,38,135634,0.19026844131213036,"
You have 826 out of 10000 Pokos and 38 out of 201 treasures.",2022-10-23 18:06:06.897799
831,386832,0.08314762081630969,38,136716,0.19178627941688084,"
You have 831 out of 10000 Pokos and 38 out of 201 treasures.",2022-10-23 20:58:57.122145
835,388604,0.08352850343224244,38,137800,0.19330692313735173,"
You have 835 out of 10000 Pokos and 38 out of 201 treasures.",2022-10-23 21:55:51.623293
839,390356,0.08390508714731817,39,138938,0.19490331848227413,"
You have 839 out of 10000 Pokos and 39 out of 201 treasures.",2022-10-24 18:35:11.775964
847,394280,0.08474853149546724,39,141353,0.1982910994646885,"
You have 847 out of 10000 Pokos and 39 out of 201 treasures.",2022-10-24 22:02:43.775930
853,397152,0.08536585365853659,39,141393,0.19834721177909703,"
You have 853 out of 10000 Pokos and 39 out of 201 treasures.",2022-10-25 14:38:58.806633
858,399480,0.08586624571829475,40,142492,0.19988889761747114,"
You have 858 out of 10000 Pokos and 40 out of 201 treasures.",2022-10-25 19:05:41.382931
862,401272,0.08625142723508453,40,143532,0.20134781779209265,"
You have 862 out of 10000 Pokos and 40 out of 201 treasures.",2022-10-26 11:38:34.801217
874,406620,0.08740095332425406,41,145722,0.20441996700595913,"
You have 874 out of 10000 Pokos and 41 out of 201 treasures.",2022-10-26 13:40:30.078487
884,411632,0.0884782578790255,42,149713,0.21001857317606923,"
You have 884 out of 10000 Pokos and 42 out of 201 treasures.",2022-10-26 14:54:09.190485
890,414132,0.0890156204861541,42,150952,0.21175665211487313,"
You have 890 out of 10000 Pokos and 42 out of 201 treasures.",2022-10-26 16:34:06.330478
901,419324,0.0901316151486388,43,153581,0.2154446339793731,"
You have 901 out of 10000 Pokos and 43 out of 201 treasures.",2022-10-26 17:48:53.036544
909,423048,0.09093207048821757,43,154445,0.21665665997059716,"
You have 909 out of 10000 Pokos and 43 out of 201 treasures.",2022-10-27 13:48:43.925743
912,424668,0.0912802814576369,43,155385,0.21797529935919738,"
You have 912 out of 10000 Pokos and 43 out of 201 treasures.",2022-10-28 15:09:50.558640
918,427372,0.09186149285350721,44,156260,0.21920275623688373,"
You have 918 out of 10000 Pokos and 44 out of 201 treasures.",2022-10-30 11:32:55.663015
919,427644,0.0919199579051628,44,156264,0.2192083674683246,"
You have 919 out of 10000 Pokos and 44 out of 201 treasures.",2022-10-31 15:59:11.515824
930,433072,0.09308667959776044,44,158320,0.22209254042892254,"
You have 930 out of 10000 Pokos and 44 out of 201 treasures.",2022-11-03 19:13:12.232355
934,434820,0.09346240353266477,44,158527,0.2223829216559866,"
You have 934 out of 10000 Pokos and 44 out of 201 treasures.",2022-11-04 19:43:19.915422
938,436788,0.0938854153769964,44,158742,0.22268452534593242,"
You have 938 out of 10000 Pokos and 44 out of 201 treasures.",2022-11-04 20:36:51.719695
943,438980,0.09435657491092678,44,158810,0.2227799162804269,"
You have 943 out of 10000 Pokos and 44 out of 201 treasures.",2022-11-05 10:32:58.222838
944,439392,0.09444513226858157,44,158834,0.222813583669072,"
You have 944 out of 10000 Pokos and 44 out of 201 treasures.",2022-11-05 11:31:35.681549
947,440660,0.0947176825829172,44,159022,0.22307731154679206,"
You have 947 out of 10000 Pokos and 44 out of 201 treasures.",2022-11-05 16:10:21.219630
948,441096,0.09481139862160043,44,159058,0.22312781262975973,"
You have 948 out of 10000 Pokos and 44 out of 201 treasures.",2022-11-05 16:52:50.334177
949,441920,0.09498851333691002,44,159106,0.22319514740704996,"
You have 949 out of 10000 Pokos and 44 out of 201 treasures.",2022-11-05 17:39:16.327947
951,442548,0.09512349882382072,44,159266,0.22341959666468403,"
You have 951 out of 10000 Pokos and 44 out of 201 treasures.",2022-11-05 18:48:58.861136
958,445820,0.09582679900403065,44,159578,0.22385727271707048,"
You have 958 out of 10000 Pokos and 44 out of 201 treasures.",2022-11-07 12:03:24.723987
963,448224,0.09634352688704552,45,161134,0.22604004174756193,"
You have 963 out of 10000 Pokos and 45 out of 201 treasures.",2022-11-07 13:22:32.919711
970,451572,0.09706316289051216,45,162252,0.22760838093528005,"
You have 970 out of 10000 Pokos and 45 out of 201 treasures.",2022-11-07 19:34:57.383917
979,455916,0.09799688415665883,46,163494,0.2293506682976646,"
You have 979 out of 10000 Pokos and 46 out of 201 treasures.",2022-11-08 07:35:49.780287
983,457636,0.09836658963036331,46,163678,0.2296087849439438,"
You have 983 out of 10000 Pokos and 46 out of 201 treasures.",2022-11-09 16:54:38.454778
990,460740,0.0990337790433742,46,165855,0.2326626976556275,"
You have 990 out of 10000 Pokos and 46 out of 201 treasures.",2022-11-09 20:13:06.461889
994,462720,0.09945937022822005,46,166064,0.232955884498412,"
You have 994 out of 10000 Pokos and 46 out of 201 treasures.",2022-11-09 14:49:45.066289
1004,467188,0.1004197446796803,47,167203,0.23455368265119464,"
You have 1004 out of 10000 Pokos and 47 out of 201 treasures.",2022-11-10 13:10:32.299965
1011,470784,0.10119268705377409,47,168083,0.23578815356818209,"
You have 1011 out of 10000 Pokos and 47 out of 201 treasures.",2022-11-11 09:54:00.515215
1014,471756,0.1014016136354257,47,168226,0.23598875509219253,"
You have 1014 out of 10000 Pokos and 47 out of 201 treasures.",2022-11-13 13:48:21.098372
1016,472804,0.101626876040334,47,168661,0.2365989765113852,"
You have 1016 out of 10000 Pokos and 47 out of 201 treasures.",2022-11-13 14:49:50.171177
1023,476372,0.10239379995322796,48,173641,0.24358495965524593,"
You have 1023 out of 10000 Pokos and 48 out of 201 treasures.",2022-11-14 09:14:13.224155
1026,477644,0.10266721004773499,49,174221,0.2443985882141695,"
You have 1026 out of 10000 Pokos and 49 out of 201 treasures.",2022-11-14 16:52:03.779631
1038,483020,0.10382275459810436,49,175168,0.24572704725779118,"
You have 1038 out of 10000 Pokos and 49 out of 201 treasures.",2022-11-16 15:11:43.495366
1041,484764,0.10419761875283727,49,176092,0.247023241720628,"
You have 1041 out of 10000 Pokos and 49 out of 201 treasures.",2022-11-17 14:53:50.131289
1045,486208,0.10450799939471477,49,176258,0.24725610782542337,"
You have 1045 out of 10000 Pokos and 49 out of 201 treasures.",2022-11-21 13:25:44.802755
1047,487352,0.10475389652373682,49,176424,0.24748897393021874,"
You have 1047 out of 10000 Pokos and 49 out of 201 treasures.",2022-11-21 23:54:30.793373
1054,490500,0.10543054351863315,49,176504,0.24760119855903576,"
You have 1054 out of 10000 Pokos and 49 out of 201 treasures.",2022-11-25 21:35:18.777680
1128,525148,0.11287795936334998,50,179985,0.2524843727204372,"
You have 1128 out of 10000 Pokos and 50 out of 201 treasures.",2022-11-28 20:41:36.228368
1162,540984,0.11628182906194544,51,181194,0.25418036742343475,"
You have 1162 out of 10000 Pokos and 51 out of 201 treasures.",2022-11-30 00:10:07.226352
1180,549124,0.1180314817107562,51,181874,0.2551342767683796,"
You have 1180 out of 10000 Pokos and 51 out of 201 treasures.",2022-11-30 20:30:19.262639
1184,550936,0.11842096212840302,51,181943,0.2552310705107343,"
You have 1184 out of 10000 Pokos and 51 out of 201 treasures.",2022-12-03 16:01:08.281371
1214,564928,0.12142847316798042,51,183243,0.2570547207290112,"
You have 1214 out of 10000 Pokos and 51 out of 201 treasures.",2022-12-03 18:11:58.616813
1217,566216,0.12170532238317307,51,183412,0.2572917952573872,"
You have 1217 out of 10000 Pokos and 51 out of 201 treasures.",2022-12-04 13:58:59.622825
1221,568508,0.12219797642138858,51,183656,0.2576340803752792,"
You have 1221 out of 10000 Pokos and 51 out of 201 treasures.",2022-12-04 19:24:04.611230
1230,572472,0.1230500185712517,51,184193,0.25838738819621354,"
You have 1230 out of 10000 Pokos and 51 out of 201 treasures.",2022-12-06 19:30:31.067984
1233,574080,0.12339565020015682,51,184400,0.25867776942327764,"
You have 1233 out of 10000 Pokos and 51 out of 201 treasures.",2022-12-12 12:04:03.819091
1313,611092,0.13135119612617446,52,187046,0.26238959902140124,"
You have 1313 out of 10000 Pokos and 52 out of 201 treasures.",2022-12-13 17:05:49.190408
1363,634420,0.13636543408581295,53,189922,0.2664240744273738,"
You have 1363 out of 10000 Pokos and 53 out of 201 treasures.",2022-12-13 18:59:00.571730
1364,634904,0.13646946748655303,53,190020,0.2665615495976747,"
You have 1364 out of 10000 Pokos and 53 out of 201 treasures.",2022-12-14 15:11:20.203360
1381,642504,0.13810304981222402,53,190179,0.2667845960474486,"
You have 1381 out of 10000 Pokos and 53 out of 201 treasures.",2022-12-15 11:30:19.664794
1411,656900,0.1411973986491134,53,190914,0.2678156598247051,"
You have 1411 out of 10000 Pokos and 53 out of 201 treasures.",2022-12-24 17:00:33.300692
1528,711268,0.15288353073886068,55,196459,0.2755942294095862,"
You have 1528 out of 10000 Pokos and 55 out of 201 treasures.",2022-12-25 01:34:26.866360
1531,712648,0.1531801548979957,55,196627,0.27582990113010203,"
You have 1531 out of 10000 Pokos and 55 out of 201 treasures.",2022-12-27 22:50:02.465553
1531,712648,0.1531801548979957,55,196615,0.27581306743577944,"
You have 1531 out of 10000 Pokos and 55 out of 201 treasures.",2022-12-29 17:53:29.092412
1538,715808,0.15385938123340626,55,196727,0.2759701819161233,"
You have 1538 out of 10000 Pokos and 55 out of 201 treasures.",2022-12-30 21:39:35.609735
1543,718176,0.15436837109487847,55,196927,0.2762507434881659,"
You have 1543 out of 10000 Pokos and 55 out of 201 treasures.",2022-12-31 13:52:42.701304
1547,719980,0.15475613195218246,55,197283,0.2767501430864017,"
You have 1547 out of 10000 Pokos and 55 out of 201 treasures.",2022-12-31 14:16:30.391356
1551,721652,0.1551155200638301,55,197525,0.2770896225885733,"
You have 1551 out of 10000 Pokos and 55 out of 201 treasures.",2023-01-01 03:28:49.232395
1561,726584,0.1561756290151734,55,197912,0.2776325092304757,"
You have 1561 out of 10000 Pokos and 55 out of 201 treasures.",2023-01-05 14:45:13.842598
1567,729396,0.15678005447567167,55,198098,0.27789343149247536,"
You have 1567 out of 10000 Pokos and 55 out of 201 treasures.",2023-01-06 13:57:06.273384
1571,731020,0.1571291252252624,55,198316,0.2781992436060018,"
You have 1571 out of 10000 Pokos and 55 out of 201 treasures.",2023-01-06 14:26:15.347759
1571,731028,0.1571308447856052,55,198316,0.2781992436060018,"
You have 1571 out of 10000 Pokos and 55 out of 201 treasures.",2023-01-06 14:46:50.266710
1571,731048,0.15713514368646225,55,198316,0.2781992436060018,"
You have 1571 out of 10000 Pokos and 55 out of 201 treasures.",2023-01-06 14:57:33.544045
1575,732924,0.15753838058685155,55,198405,0.27832409350556075,"
You have 1575 out of 10000 Pokos and 55 out of 201 treasures.",2023-01-06 15:18:12.279171
1579,734676,0.15791496430192728,55,198501,0.27845876306014117,"
You have 1579 out of 10000 Pokos and 55 out of 201 treasures.",2023-01-06 16:28:31.134962
1599,744112,0.1599431857262735,56,201884,0.2832044620512418,"
You have 1599 out of 10000 Pokos and 56 out of 201 treasures.",2023-01-06 19:27:10.760433
1605,747144,0.1605948990961991,57,202841,0.2845469491734656,"
You have 1605 out of 10000 Pokos and 57 out of 201 treasures.",2023-01-06 20:31:45.916195
1611,749600,0.16112280412144223,57,203739,0.2858066706319369,"
You have 1611 out of 10000 Pokos and 57 out of 201 treasures.",2023-01-08 19:51:43.645625
1616,752032,0.16164555046565693,57,204097,0.28630887584589315,"
You have 1616 out of 10000 Pokos and 57 out of 201 treasures.",2023-01-10 21:37:52.979291
1624,755564,0.16240473635700825,57,204471,0.2868335259856128,"
You have 1624 out of 10000 Pokos and 57 out of 201 treasures.",2023-01-11 21:37:05.521514
1637,761752,0.16373481628217298,57,205485,0.28825597315586876,"
You have 1637 out of 10000 Pokos and 57 out of 201 treasures.",2023-01-13 16:17:34.993545
1648,766948,0.16485167072482906,58,206830,0.29014274972785525,"
You have 1648 out of 10000 Pokos and 58 out of 201 treasures.",2023-01-13 01:45:37.032345
1676,779968,0.16765025518275486,58,208894,0.2930381451513349,"
You have 1676 out of 10000 Pokos and 58 out of 201 treasures.",2023-01-15 12:33:29.177080
1681,782128,0.168114536475314,59,209895,0.29444235581940814,"
You have 1681 out of 10000 Pokos and 59 out of 201 treasures.",2023-01-15 12:45:23.269383
1713,797068,0.17132581541551456,59,211711,0.29698985489355495,"
You have 1713 out of 10000 Pokos and 59 out of 201 treasures.",2023-01-15 16:26:22.431531
1714,797816,0.17148659430756744,59,211771,0.2970740233651677,"
You have 1714 out of 10000 Pokos and 59 out of 201 treasures.",2023-01-17 08:58:16.761057
1718,799660,0.1718829529665855,59,212335,0.29786520699832786,"
You have 1718 out of 10000 Pokos and 59 out of 201 treasures.",2023-01-17 09:25:46.127944
1752,815176,0.1752180402514685,60,214275,0.3005866542471411,"
You have 1752 out of 10000 Pokos and 60 out of 201 treasures.",2023-01-17 18:08:17.462993
1754,816324,0.17546479716066196,60,214362,0.3007086985309796,"
You have 1754 out of 10000 Pokos and 60 out of 201 treasures.",2023-01-17 22:18:04.581296
1760,819160,0.17607438130218867,60,214811,0.30133855926021524,"
You have 1760 out of 10000 Pokos and 60 out of 201 treasures.",2023-01-19 13:55:50.658154
1811,842840,0.18116427991691084,61,217129,0.304590267880189,"
You have 1811 out of 10000 Pokos and 61 out of 201 treasures.",2023-01-20 10:46:51.120467
1816,844980,0.18162426230861292,61,217385,0.3049493866924035,"
You have 1816 out of 10000 Pokos and 61 out of 201 treasures.",2023-01-20 14:03:12.827824
1821,847584,0.1821839792001981,61,217922,0.3057026945133379,"
You have 1821 out of 10000 Pokos and 61 out of 201 treasures.",2023-01-20 14:38:51.781500
1825,849344,0.18256228247561662,61,218117,0.3059762420460794,"
You have 1825 out of 10000 Pokos and 61 out of 201 treasures.",2023-01-21 01:07:39.678662
1830,851596,0.1830463387121181,61,218543,0.30657383819453016,"
You have 1830 out of 10000 Pokos and 61 out of 201 treasures.",2023-01-21 01:15:38.500039
1834,853696,0.18349772330210612,61,218749,0.30686281661373405,"
You have 1834 out of 10000 Pokos and 61 out of 201 treasures.",2023-01-21 01:52:10.174998
1840,856464,0.18409269118071891,61,219256,0.30757404019886203,"
You have 1840 out of 10000 Pokos and 61 out of 201 treasures.",2023-01-21 09:29:13.317322
1841,856860,0.18417780941768808,61,219296,0.3076301525132706,"
You have 1841 out of 10000 Pokos and 61 out of 201 treasures.",2023-01-21 22:40:42.156306
1844,858348,0.18449764764145105,61,219423,0.30780830911151763,"
You have 1844 out of 10000 Pokos and 61 out of 201 treasures.",2023-01-23 13:41:22.684110
1881,875480,0.18818008611558196,61,219748,0.30826422166608686,"
You have 1881 out of 10000 Pokos and 61 out of 201 treasures.",2023-01-24 12:48:59.877802
1887,878304,0.18878709091659446,62,220501,0.3093205359848272,"
You have 1887 out of 10000 Pokos and 62 out of 201 treasures.",2023-01-24 15:53:34.624433
1888,878804,0.18889456343802016,62,220517,0.30934298091059065,"
You have 1888 out of 10000 Pokos and 62 out of 201 treasures.",2023-01-24 16:18:58.997108
1896,882352,0.18965718845005708,62,221441,0.31063917537342745,"
You have 1896 out of 10000 Pokos and 62 out of 201 treasures.",2023-01-24 17:56:59.495530
1911,889160,0.1911205343017897,62,222346,0.3119087164869202,"
You have 1911 out of 10000 Pokos and 62 out of 201 treasures.",2023-01-24 18:22:55.408857
1925,895592,0.1925030608174102,63,223638,0.3137211442423154,"
You have 1925 out of 10000 Pokos and 63 out of 201 treasures.",2023-01-25 11:52:31.165503
1968,915820,0.19685096914420921,63,224255,0.31458667669206686,"
You have 1968 out of 10000 Pokos and 63 out of 201 treasures.",2023-01-25 19:30:09.416710
1992,926988,0.19925147538277413,63,224463,0.31487846072699116,"
You have 1992 out of 10000 Pokos and 63 out of 201 treasures.",2023-01-27 20:06:02.101448
2001,931296,0.20017745862737815,63,225018,0.31565701908940935,"
You have 2001 out of 10000 Pokos and 63 out of 201 treasures.",2023-01-27 21:43:51.828198
2010,935536,0.20108882560906827,63,225993,0.31702475675311703,"
You have 2010 out of 10000 Pokos and 63 out of 201 treasures.",2023-01-28 23:41:07.099873
2018,939108,0.20185660930213364,63,226114,0.31719449650420284,"
You have 2018 out of 10000 Pokos and 63 out of 201 treasures.",2023-01-30 14:22:52.445188
2022,940996,0.20226242554303717,63,226263,0.31740351487537455,"
You have 2022 out of 10000 Pokos and 63 out of 201 treasures.",2023-01-31 01:45:52.536822
2029,944376,0.20298893978787502,63,226637,0.3179281650150942,"
You have 2029 out of 10000 Pokos and 63 out of 201 treasures.",2023-01-30 15:58:07.935140
2036,947224,0.20360110326991596,63,226783,0.31813297496268533,"
You have 2036 out of 10000 Pokos and 63 out of 201 treasures.",2023-01-31 14:12:20.953780
2049,953572,0.2049655744019369,64,227299,0.31885682381855524,"
You have 2049 out of 10000 Pokos and 64 out of 201 treasures.",2023-01-31 19:36:30.975804
2050,953792,0.20501286231136423,64,227330,0.3189003108622218,"
You have 2050 out of 10000 Pokos and 64 out of 201 treasures.",2023-01-31 10:22:59.416957
2065,961116,0.2065871198052082,64,227921,0.31972937030760773,"
You have 2065 out of 10000 Pokos and 64 out of 201 treasures.",2023-02-01 12:40:25.636372
2065,961116,0.2065871198052082,64,227914,0.3197195506525862,"
You have 2065 out of 10000 Pokos and 64 out of 201 treasures.",2023-02-01 20:03:37.110462
2076,965852,0.20760509952815265,64,229485,0.32192336180098086,"
You have 2076 out of 10000 Pokos and 64 out of 201 treasures.",2023-02-02 12:58:12.081234
2078,967028,0.20785787489854593,65,232045,0.3255145499231261,"
You have 2078 out of 10000 Pokos and 65 out of 201 treasures.",2023-02-03 00:07:16.218617
2080,967816,0.2080272515923129,65,232045,0.3255145499231261,"
You have 2080 out of 10000 Pokos and 65 out of 201 treasures.",2023-02-04 02:03:54.072636
2083,969088,0.2083006616868199,65,232083,0.3255678566218142,"
You have 2083 out of 10000 Pokos and 65 out of 201 treasures.",2023-02-04 16:09:17.307632
2085,970208,0.20854140013481354,65,232396,0.3260069354820609,"
You have 2085 out of 10000 Pokos and 65 out of 201 treasures.",2023-02-04 18:21:23.386830
2090,972452,0.20902373681097217,65,232494,0.32614441065236177,"
You have 2090 out of 10000 Pokos and 65 out of 201 treasures.",2023-02-06 14:02:34.498270
2100,977188,0.2100417165339166,65,233028,0.3268935100497155,"
You have 2100 out of 10000 Pokos and 65 out of 201 treasures.",2023-02-07 09:13:43.004566
2103,978420,0.21030652882670958,65,233054,0.32692998305408105,"
You have 2103 out of 10000 Pokos and 65 out of 201 treasures.",2023-02-08 08:27:40.395180
2104,979192,0.2104724663997909,65,233186,0.3271151536916292,"
You have 2104 out of 10000 Pokos and 65 out of 201 treasures.",2023-02-08 12:22:48.414702
2106,979792,0.21060143342550178,65,233222,0.32716565477459686,"
You have 2106 out of 10000 Pokos and 65 out of 201 treasures.",2023-02-09 17:23:01.557959
2108,980716,0.2108000426450965,65,233335,0.3273241720628009,"
You have 2108 out of 10000 Pokos and 65 out of 201 treasures.",2023-02-10 17:20:40.077904
2123,987700,0.21230121882437097,65,233439,0.3274700640802631,"
You have 2123 out of 10000 Pokos and 65 out of 201 treasures.",2023-02-10 18:06:14.749861
2133,992488,0.2133303756895437,66,234107,0.32840713973088537,"
You have 2133 out of 10000 Pokos and 66 out of 201 treasures.",2023-02-10 19:42:02.361518
2135,993360,0.21351780776691015,66,234107,0.32840713973088537,"
You have 2135 out of 10000 Pokos and 66 out of 201 treasures.",2023-02-10 20:19:08.932554
2145,998064,0.21452890924848333,66,234463,0.3289065393291212,"
You have 2145 out of 10000 Pokos and 66 out of 201 treasures.",2023-02-10 20:54:10.658806
2148,999512,0.21484014967053225,66,234466,0.3289107477527018,"
You have 2148 out of 10000 Pokos and 66 out of 201 treasures.",2023-02-10 21:48:47.305035
2178,1013644,0.21787775301610884,66,234530,0.3290005274557554,"
You have 2178 out of 10000 Pokos and 66 out of 201 treasures.",2023-02-11 00:03:56.302417
2185,1016712,0.21853720440757707,66,234982,0.3296345966085717,"
You have 2185 out of 10000 Pokos and 66 out of 201 treasures.",2023-02-10 13:27:56.888702
2193,1020420,0.21933422062647023,66,235258,0.3300217715779905,"
You have 2193 out of 10000 Pokos and 66 out of 201 treasures.",2023-02-10 17:44:04.757703
2214,1030456,0.2214914090765273,66,235880,0.330894318067043,"
You have 2214 out of 10000 Pokos and 66 out of 201 treasures.",2023-02-11 11:38:06.259910
2215,1030792,0.2215636306109254,66,236008,0.33107387747315026,"
You have 2215 out of 10000 Pokos and 66 out of 201 treasures.",2023-02-11 11:51:52.524410
2217,1031716,0.22176223983052012,66,236024,0.3310963223989137,"
You have 2217 out of 10000 Pokos and 66 out of 201 treasures.",2023-02-11 13:29:04.195349
2228,1036636,0.22281976944134924,67,238592,0.33469873298394065,"
You have 2228 out of 10000 Pokos and 67 out of 201 treasures.",2023-02-11 19:29:37.896137
2245,1044504,0.2245109570385044,67,239155,0.33548851380924055,"
You have 2245 out of 10000 Pokos and 67 out of 201 treasures.",2023-02-11 21:24:33.916225
2261,1052360,0.22619956529514534,67,240196,0.33694883679172233,"
You have 2261 out of 10000 Pokos and 67 out of 201 treasures.",2023-02-11 23:41:28.222009
2262,1052612,0.2262537314459439,67,240236,0.3370049491061308,"
You have 2262 out of 10000 Pokos and 67 out of 201 treasures.",2023-02-11 23:18:13.583574
2272,1057312,0.2272639731473457,67,240550,0.3374454307742377,"
You have 2272 out of 10000 Pokos and 67 out of 201 treasures.",2023-02-17 23:41:06.247117
2277,1059468,0.2277273946597334,67,240688,0.3376390182589471,"
You have 2277 out of 10000 Pokos and 67 out of 201 treasures.",2023-02-18 00:04:28.992010
2289,1065236,0.22896719766690052,68,241336,0.33854803775236514,"
You have 2289 out of 10000 Pokos and 68 out of 201 treasures.",2023-02-18 13:45:10.448156
2297,1068952,0.2297659334461365,68,241412,0.3386546511497413,"
You have 2297 out of 10000 Pokos and 68 out of 201 treasures.",2023-02-17 23:14:13.980735
2302,1071220,0.23025342880332356,68,241637,0.33897028291828923,"
You have 2302 out of 10000 Pokos and 68 out of 201 treasures.",2023-02-19 20:14:46.944207
2303,1071716,0.23036004154457787,68,241637,0.33897028291828923,"
You have 2303 out of 10000 Pokos and 68 out of 201 treasures.",2023-02-25 00:16:56.106668
2318,1078752,0.23187239486608063,68,242637,0.34037309077850225,"
You have 2318 out of 10000 Pokos and 68 out of 201 treasures.",2023-02-26 22:23:45.612134
2319,1079232,0.23197556848664933,68,242677,0.34042920309291075,"
You have 2319 out of 10000 Pokos and 68 out of 201 treasures.",2023-02-28 20:50:04.906641
2321,1079896,0.2321182919951027,68,242681,0.34043481432435163,"
You have 2321 out of 10000 Pokos and 68 out of 201 treasures.",2023-03-04 19:28:01.946095
2324,1081360,0.2324329715378372,68,242711,0.340476898560158,"
You have 2324 out of 10000 Pokos and 68 out of 201 treasures.",2023-03-04 19:43:25.573181
2325,1081828,0.23253356581789167,68,242711,0.340476898560158,"
You have 2325 out of 10000 Pokos and 68 out of 201 treasures.",2023-03-04 20:13:20.654172
2325,1082112,0.2325946102100615,68,242752,0.34053441368242676,"
You have 2325 out of 10000 Pokos and 68 out of 201 treasures.",2023-03-04 20:26:52.414255
2326,1082520,0.23268230778754487,68,242774,0.3405652754553514,"
You have 2326 out of 10000 Pokos and 68 out of 201 treasures.",2023-03-04 20:33:15.560475
2328,1083376,0.2328663007442257,68,242794,0.34059333161255567,"
You have 2328 out of 10000 Pokos and 68 out of 201 treasures.",2023-03-04 21:01:34.720263
2330,1084172,0.23303739699833548,68,243139,0.3410773003243292,"
You have 2330 out of 10000 Pokos and 68 out of 201 treasures.",2023-03-04 22:01:16.943109
2332,1085100,0.23323686599810162,68,243139,0.3410773003243292,"
You have 2332 out of 10000 Pokos and 68 out of 201 treasures.",2023-03-05 13:29:53.593551
2334,1086140,0.2334604088426671,68,243163,0.3411109677129743,"
You have 2334 out of 10000 Pokos and 68 out of 201 treasures.",2023-03-05 19:36:59.077645
2336,1087236,0.23369598860963228,68,243283,0.3412793046561998,"
You have 2336 out of 10000 Pokos and 68 out of 201 treasures.",2023-03-05 19:45:28.430909
2343,1090500,0.2343975692294994,68,243472,0.3415444353417801,"
You have 2343 out of 10000 Pokos and 68 out of 201 treasures.",2023-03-05 20:51:28.178944
2345,1091332,0.2345764035051518,68,243504,0.3415893251933069,"
You have 2345 out of 10000 Pokos and 68 out of 201 treasures.",2023-03-05 21:19:06.824594
2348,1092384,0.23480252569023152,68,243584,0.341701549822124,"
You have 2348 out of 10000 Pokos and 68 out of 201 treasures.",2023-03-05 21:30:24.274157
2350,1093448,0.23503122721582545,68,243653,0.34179834356447863,"
You have 2350 out of 10000 Pokos and 68 out of 201 treasures.",2023-03-08 17:26:25.457903
2351,1093956,0.235140419297594,68,243653,0.34179834356447863,"
You have 2351 out of 10000 Pokos and 68 out of 201 treasures.",2023-03-08 18:10:48.393833
2353,1094776,0.23531667423273217,68,243709,0.3418769008046506,"
You have 2353 out of 10000 Pokos and 68 out of 201 treasures.",2023-03-08 19:53:26.514248
2365,1100360,0.23651692735201463,68,243924,0.34217850449459636,"
You have 2365 out of 10000 Pokos and 68 out of 201 treasures.",2023-03-09 21:02:05.197038
2373,1104272,0.2373577923596495,68,244232,0.342610569315542,"
You have 2373 out of 10000 Pokos and 68 out of 201 treasures.",2023-03-10 18:54:17.424031
2387,1110664,0.23873172107355592,68,244457,0.3429262010840899,"
You have 2387 out of 10000 Pokos and 68 out of 201 treasures.",2023-03-11 23:06:21.841493
2389,1111840,0.2389844964439492,68,244688,0.3432502496997991,"
You have 2389 out of 10000 Pokos and 68 out of 201 treasures.",2023-03-16 21:31:35.569016
2400,1116860,0.24006352055906346,69,244740,0.3433231957085302,"
You have 2400 out of 10000 Pokos and 69 out of 201 treasures.",2023-03-30 15:20:47.493184
2403,1118064,0.2403223143906566,69,244821,0.34343682314520746,"
You have 2403 out of 10000 Pokos and 69 out of 201 treasures.",2023-04-22 09:07:31.939416
2477,1152632,0.2477525346319453,69,246505,0.34579915158180613,"
You have 2477 out of 10000 Pokos and 69 out of 201 treasures.",2023-07-07 21:54:44.053148
2485,1156468,0.24857706381632344,69,247408,0.3470658870795785,"
You have 2485 out of 10000 Pokos and 69 out of 201 treasures.",2023-08-30 22:14:45.170549
2505,1165540,0.25052704524507174,70,248293,0.348307372035867,"
You have 2505 out of 10000 Pokos and 70 out of 201 treasures.",2023-09-01 18:16:39.925520
2525,1175144,0.252591377436617,70,249731,0.35032460973885327,"
You have 2525 out of 10000 Pokos and 70 out of 201 treasures.",2023-09-02 00:49:20.776964
2534,1179204,0.2534640543105939,70,250808,0.3518354338043027,"
You have 2534 out of 10000 Pokos and 70 out of 201 treasures.",2023-09-04 19:53:22.225641
2538,1181208,0.25389480417646815,70,251656,0.35302501486976334,"
You have 2538 out of 10000 Pokos and 70 out of 201 treasures.",2023-09-05 01:16:27.104795
2548,1185848,0.25489214917529884,71,252606,0.3543576823369657,"
You have 2548 out of 10000 Pokos and 71 out of 201 treasures.",2023-09-05 01:24:34.427424
2558,1190412,0.2558731583508729,71,253750,0.3559624945290493,"
You have 2558 out of 10000 Pokos and 71 out of 201 treasures.",2023-09-07 21:27:55.208360
2570,1195924,0.25705793542707,71,254257,0.35667371811417736,"
You have 2570 out of 10000 Pokos and 71 out of 201 treasures.",2023-09-08 18:47:59.280473
2585,1202708,0.2585161225977742,71,255208,0.3580077883892399,"
You have 2585 out of 10000 Pokos and 71 out of 201 treasures.",2023-09-09 19:07:51.435737
2589,1204948,0.25899759949376144,72,256100,0.3592590930005499,"
You have 2589 out of 10000 Pokos and 72 out of 201 treasures.",2023-09-09 19:10:12.380780
2591,1205608,0.2591394632220434,72,256184,0.3593769288608078,"
You have 2591 out of 10000 Pokos and 72 out of 201 treasures.",2023-09-10 23:58:13.592821
2610,1214300,0.26100776553450816,72,258085,0.3620436666030727,"
You have 2610 out of 10000 Pokos and 72 out of 201 treasures.",2023-09-11 20:36:36.785182
2612,1215260,0.26121411277564555,74,263065,0.3690296497469335,"
You have 2612 out of 10000 Pokos and 74 out of 201 treasures.",2023-09-12 16:09:22.614997
2613,1215920,0.2613559765039275,74,263149,0.36914748560719135,"
You have 2613 out of 10000 Pokos and 74 out of 201 treasures.",2023-09-12 20:28:42.908752
2618,1218068,0.26181767845597237,77,273242,0.3833060253403212,"
You have 2618 out of 10000 Pokos and 77 out of 201 treasures.",2023-09-12 22:50:28.209910
2622,1220288,0.26229485645110256,77,273300,0.38338738819621354,"
You have 2622 out of 10000 Pokos and 77 out of 201 treasures.",2023-09-15 13:52:05.130743
2627,1222356,0.2627393627997194,79,281632,0.3950755832875083,"
You have 2627 out of 10000 Pokos and 79 out of 201 treasures.",2023-09-15 14:49:22.980101
2640,1228328,0.2640230145956282,80,286711,0.4022004444095301,"
You have 2640 out of 10000 Pokos and 80 out of 201 treasures.",2023-09-15 17:39:51.397503
2641,1228988,0.26416487832391017,80,286795,0.402318280269788,"
You have 2641 out of 10000 Pokos and 80 out of 201 treasures.",2023-09-15 20:22:57.433060
2658,1236928,0.2658715419641506,81,288528,0.40474934629153714,"
You have 2658 out of 10000 Pokos and 81 out of 201 treasures.",2023-09-16 16:24:54.198503
2661,1238080,0.2661191586535155,81,288544,0.40477179121730056,"
You have 2661 out of 10000 Pokos and 81 out of 201 treasures.",2023-09-17 10:57:02.628081
2667,1240916,0.26672874279504216,81,288781,0.405104256680171,"
You have 2667 out of 10000 Pokos and 81 out of 201 treasures.",2023-09-17 12:29:30.729811
2669,1242008,0.2669634627818359,81,289089,0.4055363215011166,"
You have 2669 out of 10000 Pokos and 81 out of 201 treasures.",2023-09-17 13:57:38.837384
2671,1242668,0.26710532651011787,81,289173,0.4056541573613745,"
You have 2671 out of 10000 Pokos and 81 out of 201 treasures.",2023-09-17 01:27:07.222771
2678,1246216,0.2678679515221548,81,289417,0.4059964424792665,"
You have 2678 out of 10000 Pokos and 81 out of 201 treasures.",2023-09-17 01:41:05.177314
2683,1248364,0.26832965347419974,81,290183,0.40707099330018964,"
You have 2683 out of 10000 Pokos and 81 out of 201 treasures.",2023-09-17 16:38:44.901349
2685,1249512,0.2685764103833932,81,290183,0.40707099330018964,"
You have 2685 out of 10000 Pokos and 81 out of 201 treasures.",2023-09-17 13:25:30.678228
2687,1250380,0.26876298268058824,81,290191,0.40708221576307135,"
You have 2687 out of 10000 Pokos and 81 out of 201 treasures.",2023-09-20 01:28:54.486169
2692,1252656,0.26925219759811814,81,290327,0.4072729976320603,"
You have 2692 out of 10000 Pokos and 81 out of 201 treasures.",2023-09-19 17:53:13.292444
2693,1253316,0.2693940613264001,81,290411,0.40739083349231825,"
You have 2693 out of 10000 Pokos and 81 out of 201 treasures.",2023-09-19 19:13:40.972156
2757,1282712,0.2757125858060611,82,290944,0.4081385300818118,"
You have 2757 out of 10000 Pokos and 82 out of 201 treasures.",2023-09-19 20:43:49.461791
2770,1288952,0.27705384287345414,82,291733,0.4092453454835198,"
You have 2770 out of 10000 Pokos and 82 out of 201 treasures.",2023-09-20 11:27:45.254721
2758,1283176,0.27581232030594416,82,291560,0.409002659723703,"
You have 2758 out of 10000 Pokos and 82 out of 201 treasures.",2023-09-20 14:19:34.034360
2768,1287848,0.2768165435461461,82,292406,0.41018943517344314,"
You have 2768 out of 10000 Pokos and 82 out of 201 treasures.",2023-09-20 14:50:25.438108
2782,1294488,0.27824377863067973,82,293770,0.4121028650947737,"
You have 2782 out of 10000 Pokos and 82 out of 201 treasures.",2023-09-20 16:27:02.806999
2794,1300092,0.2794483306508192,83,295184,0.4140864354091149,"
You have 2794 out of 10000 Pokos and 83 out of 201 treasures.",2023-09-21 14:07:34.527337
2795,1300752,0.27959019437910115,83,295268,0.41420427126937276,"
You have 2795 out of 10000 Pokos and 83 out of 201 treasures.",2023-09-21 21:45:06.490962
2797,1301304,0.27970884404275514,83,295221,0.41413833929994276,"
You have 2797 out of 10000 Pokos and 83 out of 201 treasures.",2023-09-23 10:24:35.541773
2798,1301964,0.2798507077710371,83,295305,0.41425617516020063,"
You have 2798 out of 10000 Pokos and 83 out of 201 treasures.",2023-09-22 22:57:31.281820
2798,1302076,0.27987478161583645,83,295305,0.41425617516020063,"
You have 2798 out of 10000 Pokos and 83 out of 201 treasures.",2023-09-24 16:09:31.406662
2797,1301416,0.2797329178875545,83,295221,0.41413833929994276,"
You have 2797 out of 10000 Pokos and 83 out of 201 treasures.",2023-09-25 11:28:54.837332
2800,1302908,0.28005361589148886,83,295237,0.4141607842257062,"
You have 2800 out of 10000 Pokos and 83 out of 201 treasures.",2023-09-25 17:18:16.474011
2801,1303568,0.2801954796197708,83,295321,0.41427862008596406,"
You have 2801 out of 10000 Pokos and 83 out of 201 treasures.",2023-09-25 14:25:03.405928
2814,1309528,0.2814765520751654,83,295683,0.41478643653136116,"
You have 2814 out of 10000 Pokos and 83 out of 201 treasures.",2023-09-27 12:57:55.165543
2816,1310188,0.2816184158034474,83,295767,0.4149042723916191,"
You have 2816 out of 10000 Pokos and 83 out of 201 treasures.",2023-09-27 14:49:41.379248
2823,1313596,0.2823509485094851,83,295822,0.4149814268239308,"
You have 2823 out of 10000 Pokos and 83 out of 201 treasures.",2023-09-28 17:16:18.816529
2824,1314256,0.28249281223776707,83,295906,0.4150992626841887,"
You have 2824 out of 10000 Pokos and 83 out of 201 treasures.",2023-09-28 23:28:22.205709
2828,1315968,0.28286079815112875,83,296183,0.4154878404614677,"
You have 2828 out of 10000 Pokos and 83 out of 201 treasures.",2023-10-05 00:27:08.516310
2830,1316628,0.2830026618794107,83,296267,0.41560567632172557,"
You have 2830 out of 10000 Pokos and 83 out of 201 treasures.",2023-10-05 01:31:08.412652
2834,1318508,0.2834067585599714,83,296342,0.41571088691124153,"
You have 2834 out of 10000 Pokos and 83 out of 201 treasures.",2023-10-08 10:32:16.597561
2835,1319168,0.28354862228825334,83,296426,0.41582872277149946,"
You have 2835 out of 10000 Pokos and 83 out of 201 treasures.",2023-10-08 01:06:53.090506
2841,1322136,0.28418657917543644,83,296454,0.4158680013915854,"
You have 2841 out of 10000 Pokos and 83 out of 201 treasures.",2023-10-08 23:31:47.693467
2843,1322796,0.2843284429037184,83,296538,0.4159858372518433,"
You have 2843 out of 10000 Pokos and 83 out of 201 treasures.",2023-10-08 15:21:42.920230
2855,1328328,0.2855175188807726,83,296759,0.41629585778895034,"
You have 2855 out of 10000 Pokos and 83 out of 201 treasures.",2023-10-09 10:49:21.609118
2869,1334916,0.28693357682307785,83,297000,0.4166339344832617,"
You have 2869 out of 10000 Pokos and 83 out of 201 treasures.",2023-10-09 13:19:26.798399
2869,1334916,0.28693357682307785,83,297042,0.4166554452112439,"
You have 2869 out of 10000 Pokos and 83 out of 201 treasures.",2023-10-09 13:29:58.397103
2869,1334916,0.28693357682307785,83,296983,0.416628789154125,"
You have 2869 out of 10000 Pokos and 83 out of 201 treasures.",2023-10-09 13:45:19.827147
2870,1335576,0.2870754405513598,83,297084,0.41675177034351957,"
You have 2870 out of 10000 Pokos and 83 out of 201 treasures.",2023-10-08 23:51:46.814869
2885,1342304,0.28852159079966433,83,297501,0.41733674122122844,"
You have 2885 out of 10000 Pokos and 83 out of 201 treasures.",2023-10-09 18:08:22.435173
2893,1346116,0.28934096130301407,83,297878,0.4178655997845287,"
You have 2893 out of 10000 Pokos and 83 out of 201 treasures.",2023-10-09 21:35:46.602131
2902,1350156,0.2902093392761339,84,298840,0.41921510094605363,"
You have 2902 out of 10000 Pokos and 84 out of 201 treasures.",2023-10-09 22:25:51.451056
2904,1351220,0.2904380408017278,84,299626,0.42031770792418105,"
You have 2904 out of 10000 Pokos and 84 out of 201 treasures.",2023-10-09 14:28:16.155701
2907,1352548,0.29072348781863455,84,299646,0.4203457640813853,"
You have 2907 out of 10000 Pokos and 84 out of 201 treasures.",2023-10-11 19:44:32.573889
2921,1359008,0.29211203279545483,84,299773,0.42052392067963235,"
You have 2921 out of 10000 Pokos and 84 out of 201 treasures.",2023-10-11 18:36:07.700573
2922,1359668,0.2922538965237368,84,299857,0.4206417565398902,"
You have 2922 out of 10000 Pokos and 84 out of 201 treasures.",2023-10-11 20:12:52.814857
2944,1369800,0.29443171969790766,84,299981,0.42081570471455665,"
You have 2944 out of 10000 Pokos and 84 out of 201 treasures.",2023-10-13 01:35:13.418642
2954,1374320,0.29540327129159616,84,300931,0.422148372181759,"
You have 2954 out of 10000 Pokos and 84 out of 201 treasures.",2023-10-13 13:54:19.830806
2959,1376896,0.2959569697219815,84,301035,0.42229426419922117,"
You have 2959 out of 10000 Pokos and 84 out of 201 treasures.",2023-10-15 18:29:11.798906
2966,1379988,0.2966215797944782,84,301095,0.4223784326708339,"
You have 2966 out of 10000 Pokos and 84 out of 201 treasures.",2023-10-15 19:59:20.605708
2967,1380604,0.29675398594087465,84,301095,0.4223784326708339,"
You have 2967 out of 10000 Pokos and 84 out of 201 treasures.",2023-10-15 20:22:58.875494
2967,1380700,0.2967746206649884,84,301103,0.4223896551337156,"
You have 2967 out of 10000 Pokos and 84 out of 201 treasures.",2023-10-15 20:53:41.565673
2968,1381120,0.296864897582986,84,301119,0.42241210005947905,"
You have 2968 out of 10000 Pokos and 84 out of 201 treasures.",2023-10-15 21:18:24.908574
2975,1384520,0.2975957107286809,84,301356,0.4227445655223495,"
You have 2975 out of 10000 Pokos and 84 out of 201 treasures.",2023-10-16 01:49:52.615531
2983,1388116,0.29836865310277466,85,301623,0.4231191152210264,"
You have 2983 out of 10000 Pokos and 85 out of 201 treasures.",2023-10-16 02:31:49.738679
2989,1390716,0.29892751021418845,85,301830,0.4234094964480905,"
You have 2989 out of 10000 Pokos and 85 out of 201 treasures.",2023-10-16 17:08:21.321153
2996,1393868,0.2996050169892562,85,301983,0.4236241260507031,"
You have 2996 out of 10000 Pokos and 85 out of 201 treasures.",2023-10-16 17:17:25.596269
2999,1395704,0.29999965608793144,85,302102,0.42379106018606844,"
You have 2999 out of 10000 Pokos and 85 out of 201 treasures.",2023-10-16 20:12:32.389193
3000,1395996,0.30006242004044403,85,302112,0.42380508826467056,"
You have 3000 out of 10000 Pokos and 85 out of 201 treasures.",2023-10-16 20:44:18.489293
3002,1396968,0.30027134662209565,85,302112,0.42380508826467056,"
You have 3002 out of 10000 Pokos and 85 out of 201 treasures.",2023-10-16 14:32:43.912073
3008,1399764,0.3008723329619083,85,302264,0.42401831505942295,"
You have 3008 out of 10000 Pokos and 85 out of 201 treasures.",2023-10-17 13:52:02.499530
3010,1400484,0.30102709339276135,85,302272,0.42402953752230466,"
You have 3010 out of 10000 Pokos and 85 out of 201 treasures.",2023-10-16 23:24:43.683898
3020,1405436,0.3020915012449617,85,302653,0.4245640073170458,"
You have 3020 out of 10000 Pokos and 85 out of 201 treasures.",2023-10-17 20:02:05.359256
3032,1410876,0.30326080227807356,85,302706,0.4246383561336371,"
You have 3032 out of 10000 Pokos and 85 out of 201 treasures.",2023-10-17 22:51:59.968300
3033,1411136,0.3033166879892149,85,302706,0.4246383561336371,"
You have 3033 out of 10000 Pokos and 85 out of 201 treasures.",2023-10-17 19:33:27.386483
3033,1411448,0.30338375084258457,85,302706,0.4246383561336371,"
You have 3033 out of 10000 Pokos and 85 out of 201 treasures.",2023-10-17 21:57:22.584529
3037,1413304,0.30378268884211684,85,303509,0.42576481084538814,"
You have 3037 out of 10000 Pokos and 85 out of 201 treasures.",2023-10-17 22:44:38.147154
3042,1415392,0.30423149409159067,85,303533,0.4257984782340332,"
You have 3042 out of 10000 Pokos and 85 out of 201 treasures.",2023-10-17 23:03:52.451200
3050,1419348,0.30508181668111095,85,303725,0.42606781734319416,"
You have 3050 out of 10000 Pokos and 85 out of 201 treasures.",2023-10-19 00:28:49.397557
3055,1421552,0.3055555555555556,85,303745,0.4260958735003984,"
You have 3055 out of 10000 Pokos and 85 out of 201 treasures.",2023-10-19 02:45:58.534300
3071,1428952,0.30712713642147255,85,303881,0.42628665536938737,"
You have 3071 out of 10000 Pokos and 85 out of 201 treasures.",2023-10-19 00:18:37.239373
3055,1421840,0.3055985419030916,85,303745,0.4260958735003984,"
You have 3055 out of 10000 Pokos and 85 out of 201 treasures.",2023-10-19 00:25:40.524398
3055,1421552,0.3055555555555556,85,303745,0.4260958735003984,"
You have 3055 out of 10000 Pokos and 85 out of 201 treasures.",2023-10-19 00:46:12.770282
3070,1428664,0.30708424470031503,85,303881,0.42628665536938737,"
You have 3070 out of 10000 Pokos and 85 out of 201 treasures.",2023-10-19 00:49:46.332016
3087,1436436,0.30875479757335644,86,305259,0.4282197246007609,"
You have 3087 out of 10000 Pokos and 86 out of 201 treasures.",2023-10-19 16:41:24.608592
3089,1437500,0.3089834990989504,86,305395,0.4284105064697499,"
You have 3089 out of 10000 Pokos and 86 out of 201 treasures.",2023-10-19 23:05:39.771622
3095,1440328,0.3095913636801343,86,305656,0.4287766393212654,"
You have 3095 out of 10000 Pokos and 86 out of 201 treasures.",2023-10-20 13:32:27.923324
3096,1440432,0.3096137179645908,86,305668,0.428793473015588,"
You have 3096 out of 10000 Pokos and 86 out of 201 treasures.",2023-10-20 14:21:48.210739
3100,1442344,0.3100246928865228,86,305692,0.4288271404042331,"
You have 3100 out of 10000 Pokos and 86 out of 201 treasures.",2023-10-20 15:12:09.979444
3104,1444428,0.31047263835582517,86,306096,0.42939387477975915,"
You have 3104 out of 10000 Pokos and 86 out of 201 treasures.",2023-10-21 23:05:34.593452
3116,1449848,0.31163764048808,86,306347,0.42974597955267263,"
You have 3116 out of 10000 Pokos and 86 out of 201 treasures.",2023-10-21 20:41:01.287333
3127,1455040,0.3127536351505647,86,306672,0.43020189210724186,"
You have 3127 out of 10000 Pokos and 86 out of 201 treasures.",2023-10-22 14:03:54.404034
3150,1465840,0.3150750416133603,86,307248,0.43100990943472456,"
You have 3150 out of 10000 Pokos and 86 out of 201 treasures.",2023-10-24 00:15:48.035379
3181,1479964,0.3181109253985941,86,307557,0.43144337706353036,"
You have 3181 out of 10000 Pokos and 86 out of 201 treasures.",2023-10-24 10:02:48.672469
3190,1484132,0.3190068163371989,86,308030,0.4321069051814111,"
You have 3190 out of 10000 Pokos and 86 out of 201 treasures.",2023-10-24 15:37:13.578295
3191,1484792,0.31914868006548086,86,308114,0.432224741041669,"
You have 3191 out of 10000 Pokos and 86 out of 201 treasures.",2023-10-24 16:45:17.876234
3192,1485408,0.31928108621187734,86,308150,0.4322752421246367,"
You have 3192 out of 10000 Pokos and 86 out of 201 treasures.",2023-10-24 16:55:34.259191
3209,1493368,0.3209920487529748,87,309100,0.43360790959183904,"
You have 3209 out of 10000 Pokos and 87 out of 201 treasures.",2023-10-25 19:47:29.895863
3219,1498008,0.3219893937518055,87,309265,0.43383937288877417,"
You have 3219 out of 10000 Pokos and 87 out of 201 treasures.",2023-10-28 15:27:57.089580
3229,1502700,0.32299791589286453,87,310297,0.43528707060051397,"
You have 3229 out of 10000 Pokos and 87 out of 201 treasures.",2023-10-28 17:21:03.128958
3233,1504152,0.3233100160950848,87,311125,0.43644859550877035,"
You have 3233 out of 10000 Pokos and 87 out of 201 treasures.",2023-10-29 20:22:09.949904
3255,1514664,0.32556951838553916,87,311544,0.4370363720021996,"
You have 3255 out of 10000 Pokos and 87 out of 201 treasures.",2023-11-01 15:47:20.360863
3263,1518132,0.326314947794148,87,311787,0.43737725431223134,"
You have 3263 out of 10000 Pokos and 87 out of 201 treasures.",2023-11-01 01:25:42.432077
3285,1528472,0.32853747953723195,88,312513,0.438395692818746,"
You have 3285 out of 10000 Pokos and 88 out of 201 treasures.",2023-11-01 18:58:23.048802
3296,1533768,0.32967582848417315,88,312777,0.43876603409384224,"
You have 3296 out of 10000 Pokos and 88 out of 201 treasures.",2023-11-01 21:29:26.198048
3305,1537676,0.3305158337116366,88,312996,0.4390732490152289,"
You have 3305 out of 10000 Pokos and 88 out of 201 treasures.",2023-11-01 22:33:22.291484
3321,1545248,0.3321433975761077,88,313732,0.44010571560034567,"
You have 3321 out of 10000 Pokos and 88 out of 201 treasures.",2023-11-03 17:22:06.225550
3325,1546908,0.33250020634724115,88,313829,0.4402417879627863,"
You have 3325 out of 10000 Pokos and 88 out of 201 treasures.",2023-11-04 22:54:03.684954
3325,1547292,0.3325827452436961,88,313829,0.4402417879627863,"
You have 3325 out of 10000 Pokos and 88 out of 201 treasures.",2023-11-09 14:04:05.380858
3332,1550376,0.3332456357558499,88,313986,0.44046202879683977,"
You have 3332 out of 10000 Pokos and 88 out of 201 treasures.",2023-11-09 17:52:22.955845
3337,1552624,0.33372883221217997,88,314445,0.44110591760467754,"
You have 3337 out of 10000 Pokos and 88 out of 201 treasures.",2023-11-09 19:25:34.421504
3341,1554616,0.33415700273754007,88,314521,0.4412125310020537,"
You have 3341 out of 10000 Pokos and 88 out of 201 treasures.",2023-11-10 12:51:27.799924
3348,1558068,0.3348989930254633,88,314658,0.4414047156789029,"
You have 3348 out of 10000 Pokos and 88 out of 201 treasures.",2023-11-11 12:35:06.409488
3356,1561792,0.335699448365042,88,314768,0.4415590245435263,"
You have 3356 out of 10000 Pokos and 88 out of 201 treasures.",2023-11-11 13:43:10.677691
3366,1566168,0.33664004787255997,88,314866,0.4416964997138272,"
You have 3366 out of 10000 Pokos and 88 out of 201 treasures.",2023-11-11 14:10:49.671365
3372,1569152,0.33728144388042863,88,314950,0.4418143355740851,"
You have 3372 out of 10000 Pokos and 88 out of 201 treasures.",2023-11-11 14:33:35.350806
3390,1577580,0.3390930007015806,89,316250,0.44363798579236197,"
You have 3390 out of 10000 Pokos and 89 out of 201 treasures.",2023-11-17 22:27:17.459394
3412,1587812,0.3412923183800366,89,317733,0.4457183498490579,"
You have 3412 out of 10000 Pokos and 89 out of 201 treasures.",2023-11-17 22:34:08.970515
3433,1597200,0.34331022244232595,89,319063,0.44758408430314117,"
You have 3433 out of 10000 Pokos and 89 out of 201 treasures.",2023-11-17 22:35:23.756278
3452,1606024,0.3452068975004471,90,320385,0.44943859629434274,"
You have 3452 out of 10000 Pokos and 90 out of 201 treasures.",2023-11-17 22:37:57.247802
3474,1616560,0.3474715584719299,90,321757,0.451363248678555,"
You have 3474 out of 10000 Pokos and 90 out of 201 treasures.",2023-11-17 23:02:55.025620
3508,1632396,0.35087542817052536,91,323015,0.4531279809667029,"
You have 3508 out of 10000 Pokos and 91 out of 201 treasures.",2023-11-18 01:04:46.801367
3515,1635536,0.3515503556050789,91,323125,0.4532822898313264,"
You have 3515 out of 10000 Pokos and 91 out of 201 treasures.",2023-11-20 22:02:43.408153
3517,1636336,0.3517223116393601,91,323154,0.45332297125927257,"
You have 3517 out of 10000 Pokos and 91 out of 201 treasures.",2023-11-20 22:42:08.694753
3549,1651320,0.35494304816144606,91,325539,0.4566686680058806,"
You have 3549 out of 10000 Pokos and 91 out of 201 treasures.",2023-11-20 21:11:24.968606
3553,1653232,0.35535402308337805,91,326072,0.4574163645953741,"
You have 3553 out of 10000 Pokos and 91 out of 201 treasures.",2023-11-21 16:00:43.715569
3554,1653780,0.35547181296686065,91,326080,0.4574275870582558,"
You have 3554 out of 10000 Pokos and 91 out of 201 treasures.",2023-11-21 16:38:24.244318
3574,1662860,0.35742351395595173,92,326915,0.45859893162153365,"
You have 3574 out of 10000 Pokos and 92 out of 201 treasures.",2023-11-21 21:31:06.536921
3584,1667852,0.35849651960986617,92,329123,0.461696331376884,"
You have 3584 out of 10000 Pokos and 92 out of 201 treasures.",2023-11-23 22:00:28.810443
3586,1668680,0.35867449410534713,92,329123,0.461696331376884,"
You have 3586 out of 10000 Pokos and 92 out of 201 treasures.",2023-11-23 23:54:25.411333
3588,1669536,0.358858487062028,92,329167,0.46175805492273336,"
You have 3588 out of 10000 Pokos and 92 out of 201 treasures.",2023-11-26 22:29:33.612427
3591,1671020,0.3591774655056195,92,329483,0.4622013422065607,"
You have 3591 out of 10000 Pokos and 92 out of 201 treasures.",2023-11-27 13:29:12.642978
3596,1673200,0.3596460456990357,92,329508,0.46223641240306595,"
You have 3596 out of 10000 Pokos and 92 out of 201 treasures.",2023-11-28 10:41:03.814879
3599,1674736,0.35997620128485547,92,329551,0.4622967331410551,"
You have 3599 out of 10000 Pokos and 92 out of 201 treasures.",2023-12-01 10:52:16.551389
3602,1675944,0.36023585489662,92,329580,0.4623374145690013,"
You have 3602 out of 10000 Pokos and 92 out of 201 treasures.",2023-12-01 15:43:09.186739
3606,1677984,0.360674342784037,92,329688,0.4624889178179043,"
You have 3606 out of 10000 Pokos and 92 out of 201 treasures.",2023-12-02 09:37:14.327487
3611,1680336,0.36117989352482355,92,329705,0.4625127655515279,"
You have 3611 out of 10000 Pokos and 92 out of 201 treasures.",2023-12-02 15:51:09.693022
3618,1683452,0.3618496622783487,93,330017,0.4629504416039144,"
You have 3618 out of 10000 Pokos and 93 out of 201 treasures.",2023-12-05 01:31:02.000976
3629,1688564,0.36294846133740527,93,330088,0.46305004096198954,"
You have 3629 out of 10000 Pokos and 93 out of 201 treasures.",2023-12-05 19:56:27.820174
3630,1688980,0.36303787847523145,93,330088,0.46305004096198954,"
You have 3630 out of 10000 Pokos and 93 out of 201 treasures.",2023-12-05 19:59:11.633192
3631,1689400,0.36312815539322907,93,330104,0.4630724858877529,"
You have 3631 out of 10000 Pokos and 93 out of 201 treasures.",2023-12-05 22:48:21.282564
3636,1691732,0.3636294072331586,93,330340,0.4634035485427632,"
You have 3636 out of 10000 Pokos and 93 out of 201 treasures.",2023-12-05 17:06:25.752161
3637,1692232,0.36373687975458435,93,330356,0.4634259934685266,"
You have 3637 out of 10000 Pokos and 93 out of 201 treasures.",2023-12-07 20:08:28.611971
3638,1692804,0.36385982831909536,93,330368,0.4634428271628492,"
You have 3638 out of 10000 Pokos and 93 out of 201 treasures.",2023-12-08 11:48:35.554095
3644,1695352,0.36440750828828083,93,330628,0.4638075572065045,"
You have 3644 out of 10000 Pokos and 93 out of 201 treasures.",2023-12-08 12:31:41.173273
3667,1706440,0.36679081892341764,93,332862,0.4669414299662204,"
You have 3667 out of 10000 Pokos and 93 out of 201 treasures.",2023-12-13 14:30:09.424102
3671,1708336,0.367198354724664,93,333031,0.46717850449459636,"
You have 3671 out of 10000 Pokos and 93 out of 201 treasures.",2023-12-15 18:18:21.968256
3676,1710544,0.36767295337927997,93,333193,0.46740575936795087,"
You have 3676 out of 10000 Pokos and 93 out of 201 treasures.",2023-12-17 14:12:09.649440
3685,1714616,0.36854820959377105,94,333839,0.4683119732456485,"
You have 3685 out of 10000 Pokos and 94 out of 201 treasures.",2023-12-17 15:47:39.340124
3696,1719700,0.3696409901916278,94,333903,0.4684017529487021,"
You have 3696 out of 10000 Pokos and 94 out of 201 treasures.",2023-12-20 20:19:35.527881
3704,1723596,0.370478416078577,94,333955,0.4684746989574332,"
You have 3704 out of 10000 Pokos and 94 out of 201 treasures.",2023-12-20 23:07:23.199831
3714,1728236,0.3714757610774077,94,335092,0.4700696914944954,"
You have 3714 out of 10000 Pokos and 94 out of 201 treasures.",2023-12-21 11:01:46.930731
3717,1729576,0.3717637874348287,94,335104,0.47008652518881794,"
You have 3717 out of 10000 Pokos and 94 out of 201 treasures.",2023-12-22 16:57:28.991672
3740,1740100,0.37402586906579727,94,335707,0.4709324183285264,"
You have 3740 out of 10000 Pokos and 94 out of 201 treasures.",2023-12-23 18:04:15.498211
3744,1741868,0.3744058919015586,94,335803,0.4710670878831068,"
You have 3744 out of 10000 Pokos and 94 out of 201 treasures.",2023-12-23 18:07:01.808117
3751,1745280,0.3751392843877677,94,336167,0.4715777099442244,"
You have 3751 out of 10000 Pokos and 94 out of 201 treasures.",2023-12-26 09:24:38.357159
3755,1747172,0.3755459604088427,94,336283,0.4717404356560091,"
You have 3755 out of 10000 Pokos and 94 out of 201 treasures.",2023-12-26 12:52:32.588287
3762,1750572,0.3762767735545376,94,336501,0.4720462477695355,"
You have 3762 out of 10000 Pokos and 94 out of 201 treasures.",2023-12-28 20:21:48.046528
3769,1753540,0.37691473044172064,94,336711,0.47234083742018024,"
You have 3769 out of 10000 Pokos and 94 out of 201 treasures.",2023-12-30 11:56:53.474176
3771,1754420,0.3771038820794299,95,337627,0.4736258094201353,"
You have 3771 out of 10000 Pokos and 95 out of 201 treasures.",2023-12-31 01:45:33.639207
3772,1755028,0.3772345686654836,95,337627,0.4736258094201353,"
You have 3772 out of 10000 Pokos and 95 out of 201 treasures.",2023-12-31 01:57:05.378378
3773,1755380,0.3773102293205673,95,339149,0.47576088298337954,"
You have 3773 out of 10000 Pokos and 95 out of 201 treasures.",2023-12-31 02:08:20.491811
3777,1757548,0.37777623017346923,96,340571,0.4777556757606024,"
You have 3777 out of 10000 Pokos and 96 out of 201 treasures.",2023-12-31 18:29:47.996560
3782,1759940,0.3782903787159699,96,340783,0.4780530710269676,"
You have 3782 out of 10000 Pokos and 96 out of 201 treasures.",2024-01-01 19:12:38.541881
3788,1762628,0.37886815099115456,96,340805,0.47808393279989225,"
You have 3788 out of 10000 Pokos and 96 out of 201 treasures.",2024-01-04 09:38:41.728670
3797,1766836,0.37977263973147346,96,341335,0.47882742096580516,"
You have 3797 out of 10000 Pokos and 96 out of 201 treasures.",2024-01-04 21:36:49.998597
3801,1768648,0.38016212014912026,96,341497,0.47905467583915967,"
You have 3801 out of 10000 Pokos and 96 out of 201 treasures.",2024-01-05 19:49:58.362899
3810,1772780,0.38105027306618244,96,341637,0.47925106893958946,"
You have 3810 out of 10000 Pokos and 96 out of 201 treasures.",2024-01-06 18:46:45.892819
3818,1776644,0.38188082071176044,96,341693,0.47932962617976144,"
You have 3818 out of 10000 Pokos and 96 out of 201 treasures.",2024-01-08 13:02:15.399385
3824,1779276,0.3824465560645454,96,341821,0.4795091855858687,"
You have 3824 out of 10000 Pokos and 96 out of 201 treasures.",2024-01-08 14:09:44.678939
3828,1781272,0.3828755863700769,96,342088,0.47988373528454553,"
You have 3828 out of 10000 Pokos and 96 out of 201 treasures.",2024-01-10 18:33:08.436559
3830,1782148,0.3830638782276148,96,342471,0.48042101069500714,"
You have 3830 out of 10000 Pokos and 96 out of 201 treasures.",2024-01-11 12:17:23.961744
3831,1782452,0.3831292215206416,96,342471,0.48042101069500714,"
You have 3831 out of 10000 Pokos and 96 out of 201 treasures.",2024-01-12 16:29:48.769117
3835,1784432,0.38355481270548747,96,342622,0.48063283468189927,"
You have 3835 out of 10000 Pokos and 96 out of 201 treasures.",2024-01-12 20:51:53.875668
3841,1787104,0.38412914585998653,96,342654,0.4806777245334261,"
You have 3841 out of 10000 Pokos and 96 out of 201 treasures.",2024-01-14 02:49:41.424570
3851,1791736,0.3851247712984744,96,342931,0.48106630231070513,"
You have 3851 out of 10000 Pokos and 96 out of 201 treasures.",2024-01-15 20:11:23.519538
3889,1809400,0.38892156053540233,97,345207,0.4842590930005499,"
You have 3889 out of 10000 Pokos and 97 out of 201 treasures.",2024-01-17 16:11:28.955126
3892,1810768,0.3892156053540231,97,345499,0.4846687128957321,"
You have 3892 out of 10000 Pokos and 97 out of 201 treasures.",2024-01-17 17:11:40.947318
3900,1814512,0.3900203595944589,98,348351,0.4886695209130596,"
You have 3900 out of 10000 Pokos and 98 out of 201 treasures.",2024-01-17 18:05:52.447612
3904,1816620,0.39047346374478975,100,354956,0.49793506682976646,"
You have 3904 out of 10000 Pokos and 100 out of 201 treasures.",2024-01-17 19:53:04.708951
3908,1818260,0.3908259736150661,100,355020,0.4980248465328201,"
You have 3908 out of 10000 Pokos and 100 out of 201 treasures.",2024-01-17 22:17:18.267603
3923,1825312,0.39234176605725446,100,356619,0.5002679363013007,"
You have 3923 out of 10000 Pokos and 100 out of 201 treasures.",2024-01-17 22:49:31.690445
3924,1825992,0.3924879286863935,105,372483,0.5225220801957198,"
You have 3924 out of 10000 Pokos and 105 out of 201 treasures.",2024-01-17 16:47:38.318153
3925,1826232,0.3925395154966778,105,372483,0.5225220801957198,"
You have 3925 out of 10000 Pokos and 105 out of 201 treasures.",2024-01-17 19:42:49.621455
3928,1827908,0.3928997633884968,105,372747,0.5228924214708159,"
You have 3928 out of 10000 Pokos and 105 out of 201 treasures.",2024-01-20 16:45:44.705059
3938,1832472,0.39388077256407084,105,373062,0.5233343059467831,"
You have 3938 out of 10000 Pokos and 105 out of 201 treasures.",2024-01-21 22:00:15.289396
3949,1837308,0.3949202467913004,105,373491,0.5239361105188145,"
You have 3949 out of 10000 Pokos and 105 out of 201 treasures.",2024-01-22 18:04:37.869151
3956,1840596,0.39562698609219593,105,373717,0.5242531450952226,"
You have 3956 out of 10000 Pokos and 105 out of 201 treasures.",2024-01-22 19:33:27.562208
3961,1843212,0.39618928232429534,105,373813,0.524387814649803,"
You have 3961 out of 10000 Pokos and 105 out of 201 treasures.",2024-01-23 01:55:59.878913
3962,1843524,0.39625634517766495,105,373849,0.5244383157327707,"
You have 3962 out of 10000 Pokos and 105 out of 201 treasures.",2024-01-23 21:10:01.731887
3962,1843688,0.3962915961646926,105,373874,0.5244733859292761,"
You have 3962 out of 10000 Pokos and 105 out of 201 treasures.",2024-01-23 21:24:00.035043
3964,1844476,0.39646097285845955,105,373911,0.5245252898201039,"
You have 3964 out of 10000 Pokos and 105 out of 201 treasures.",2024-01-23 21:31:04.196436
3980,1851936,0.3980644628781313,105,374065,0.5247413222305767,"
You have 3980 out of 10000 Pokos and 105 out of 201 treasures.",2024-01-24 02:26:19.353240
4007,1864204,0.40070140866383286,105,374289,0.5250555511912645,"
You have 4007 out of 10000 Pokos and 105 out of 201 treasures.",2024-01-24 03:12:58.919692
4019,1869888,0.40192315628740044,105,375714,0.527054552392068,"
You have 4019 out of 10000 Pokos and 105 out of 201 treasures.",2024-01-25 19:18:10.564127
4042,1880744,0.4042565996725957,106,377667,0.529794236143064,"
You have 4042 out of 10000 Pokos and 106 out of 201 treasures.",2024-01-25 19:30:14.365946
4058,1887984,0.4058128017828402,106,379382,0.5322000516233293,"
You have 4058 out of 10000 Pokos and 106 out of 201 treasures.",2024-01-25 19:38:41.039013
4063,1890412,0.40633468834688347,107,379482,0.5323403324093505,"
You have 4063 out of 10000 Pokos and 107 out of 201 treasures.",2024-01-26 03:32:11.688416
4101,1908160,0.4101495329674109,107,381175,0.5347152861166912,"
You have 4101 out of 10000 Pokos and 107 out of 201 treasures.",2024-03-27 18:47:46.415609
4104,1909636,0.4104667918506596,107,381275,0.5348555669027125,"
You have 4104 out of 10000 Pokos and 107 out of 201 treasures.",2024-03-28 17:38:46.263568
4117,1915776,0.4117865544137675,107,382037,0.5359245064921948,"
You have 4117 out of 10000 Pokos and 107 out of 201 treasures.",2024-04-03 21:52:26.765250
4119,1916748,0.4119954809954191,107,382133,0.5360591760467752,"
You have 4119 out of 10000 Pokos and 107 out of 201 treasures.",2024-04-03 22:13:13.274480
4137,1924968,0.41376232924765793,107,382349,0.5363621825445812,"
You have 4137 out of 10000 Pokos and 107 out of 201 treasures.",2024-04-03 23:20:20.868490
4141,1926968,0.41419221933336087,107,382763,0.5369429449987094,"
You have 4141 out of 10000 Pokos and 107 out of 201 treasures.",2024-04-04 12:49:08.356954
4165,1937844,0.41652996161941314,108,383043,0.537335731199569,"
You have 4165 out of 10000 Pokos and 108 out of 201 treasures.",2024-04-05 12:28:07.584041
4170,1940392,0.4170776415885986,108,383063,0.5373637873567734,"
You have 4170 out of 10000 Pokos and 108 out of 201 treasures.",2024-04-09 16:13:24.105175
4177,1943344,0.4177121593550961,108,383893,0.5385281178807501,"
You have 4177 out of 10000 Pokos and 108 out of 201 treasures.",2024-04-12 21:14:18.615190
4182,1945740,0.41822716767776813,108,384146,0.538883028269384,"
You have 4182 out of 10000 Pokos and 108 out of 201 treasures.",2024-04-13 21:54:06.750984
4203,1955664,0.42036028228302585,108,385773,0.5411653966579506,"
You have 4203 out of 10000 Pokos and 108 out of 201 treasures.",2024-04-14 20:06:28.179842
4208,1957772,0.4208133864333567,108,385867,0.5412972605968106,"
You have 4208 out of 10000 Pokos and 108 out of 201 treasures.",2024-04-16 14:29:40.497387
4217,1961992,0.4217204545141898,108,386159,0.5417068804919928,"
You have 4217 out of 10000 Pokos and 108 out of 201 treasures.",2024-04-17 00:04:39.911958
4243,1974456,0.4243995295282902,109,387886,0.5441295296665807,"
You have 4243 out of 10000 Pokos and 109 out of 201 treasures.",2024-04-21 00:51:08.591717
4257,1980652,0.42573132901379773,109,388350,0.5447804325137194,"
You have 4257 out of 10000 Pokos and 109 out of 201 treasures.",2024-04-25 00:54:06.737010
4259,1981844,0.42598754350487666,109,388412,0.5448674066010527,"
You have 4259 out of 10000 Pokos and 109 out of 201 treasures.",2024-04-30 13:59:38.564785
4265,1984328,0.42652146699131965,109,388536,0.5450413547757191,"
You have 4265 out of 10000 Pokos and 109 out of 201 treasures.",2024-04-30 17:38:19.664764
4312,2006336,0.43125197749439426,110,391656,0.5494181152995836,"
You have 4312 out of 10000 Pokos and 110 out of 201 treasures.",2024-05-01 18:25:56.891417
4315,2007640,0.43153226583027254,110,391689,0.5494644079589707,"
You have 4315 out of 10000 Pokos and 110 out of 201 treasures.",2024-05-04 00:22:52.662359
4321,2010696,0.43218913788122654,110,391837,0.5496720235222822,"
You have 4321 out of 10000 Pokos and 110 out of 201 treasures.",2024-05-04 02:05:15.054225
4334,2016548,0.4334469962719932,110,392404,0.550467415579023,"
You have 4334 out of 10000 Pokos and 110 out of 201 treasures.",2024-05-04 14:11:30.731573
4345,2021532,0.4345182823655648,110,392815,0.5510439696095705,"
You have 4345 out of 10000 Pokos and 110 out of 201 treasures.",2024-05-04 23:49:41.977217
4374,2035208,0.43745787077160114,111,393705,0.5522924686051601,"
You have 4374 out of 10000 Pokos and 111 out of 201 treasures.",2024-05-06 16:10:25.246482
4385,2040284,0.43854893180911503,111,393839,0.5524804448584286,"
You have 4385 out of 10000 Pokos and 111 out of 201 treasures.",2024-05-06 19:22:00.867059
4389,2042100,0.4389392720069333,111,393855,0.552502889784192,"
You have 4389 out of 10000 Pokos and 111 out of 201 treasures.",2024-05-07 01:31:41.543414
4391,2043288,0.43919462671784076,111,393867,0.5525197234785146,"
You have 4391 out of 10000 Pokos and 111 out of 201 treasures.",2024-05-07 02:42:57.754229
4416,2054496,0.44160373075811976,111,394347,0.5531930712514168,"
You have 4416 out of 10000 Pokos and 111 out of 201 treasures.",2024-05-07 12:30:15.109648
4445,2068392,0.44459060707358344,111,396373,0.5560351599762083,"
You have 4445 out of 10000 Pokos and 111 out of 201 treasures.",2024-05-07 13:07:41.132459
4472,2080712,0.4472387300015132,112,397569,0.5577129181770232,"
You have 4472 out of 10000 Pokos and 112 out of 201 treasures.",2024-05-07 18:35:16.235656
4490,2089000,0.44902019451666597,112,398555,0.5590960867271931,"
You have 4490 out of 10000 Pokos and 112 out of 201 treasures.",2024-05-08 16:06:37.848797
4507,2097208,0.4507844634283906,112,399139,0.5599153265175575,"
You have 4507 out of 10000 Pokos and 112 out of 201 treasures.",2024-05-08 16:32:30.591874
4528,2106872,0.452861692322507,112,400248,0.5614710404345338,"
You have 4528 out of 10000 Pokos and 112 out of 201 treasures.",2024-05-08 18:40:42.806286
4541,2112992,0.45417715598475783,112,400727,0.5621429853995757,"
You have 4541 out of 10000 Pokos and 112 out of 201 treasures.",2024-05-14 22:14:35.311817
4563,2123316,0.4563962486071561,113,401409,0.563099700360241,"
You have 4563 out of 10000 Pokos and 113 out of 201 treasures.",2024-05-18 11:09:44.869209
4563,2123316,0.4563962486071561,113,401412,0.5631039087838217,"
You have 4563 out of 10000 Pokos and 113 out of 201 treasures.",2024-05-18 00:13:25.274465
4573,2127764,0.45735232415775934,113,401705,0.5635149314868642,"
You have 4573 out of 10000 Pokos and 113 out of 201 treasures.",2024-05-20 04:15:59.852157
4579,2130484,0.45793697467431527,113,401878,0.5637576172466809,"
You have 4579 out of 10000 Pokos and 113 out of 201 treasures.",2024-05-20 04:42:47.269167
4584,2132904,0.45845714167801577,113,402060,0.5640129282772397,"
You have 4584 out of 10000 Pokos and 113 out of 201 treasures.",2024-05-21 21:33:57.530091
4591,2135928,0.4591071354875985,113,402677,0.5648784607269911,"
You have 4591 out of 10000 Pokos and 113 out of 201 treasures.",2024-05-21 22:29:01.908610
4595,2137948,0.45954132447415846,113,402733,0.564957017967163,"
You have 4595 out of 10000 Pokos and 113 out of 201 treasures.",2024-05-23 17:13:46.008587
4600,2140264,0.4600391371934024,113,402949,0.565260024464969,"
You have 4600 out of 10000 Pokos and 113 out of 201 treasures.",2024-05-27 02:38:52.714408
4608,2144092,0.4608619468174377,113,403458,0.5659740536658175,"
You have 4608 out of 10000 Pokos and 113 out of 201 treasures.",2024-05-27 13:18:32.748006
4628,2153468,0.4628772715392129,113,403718,0.5663387837094729,"
You have 4628 out of 10000 Pokos and 113 out of 201 treasures.",2024-05-28 01:10:45.713470
4639,2158476,0.4639537163138129,113,403872,0.5665548161199457,"
You have 4639 out of 10000 Pokos and 113 out of 201 treasures.",2024-05-28 11:34:58.592022
4653,2165028,0.46536203623457556,114,404484,0.567413334530396,"
You have 4653 out of 10000 Pokos and 114 out of 201 treasures.",2024-05-29 04:00:57.271236
4665,2170600,0.4665597100133438,114,404544,0.5674975030020089,"
You have 4665 out of 10000 Pokos and 114 out of 201 treasures.",2024-05-30 00:56:53.834260
4668,2171792,0.4668159245044227,114,404572,0.5675367816220948,"
You have 4668 out of 10000 Pokos and 114 out of 201 treasures.",2024-05-30 02:25:01.014245
4677,2175972,0.46771439478354176,114,405171,0.5683770635303623,"
You have 4677 out of 10000 Pokos and 114 out of 201 treasures.",2024-05-31 21:46:19.597726
4683,2178936,0.4683514918905534,114,405607,0.5689886877574153,"
You have 4683 out of 10000 Pokos and 114 out of 201 treasures.",2024-06-01 11:12:57.769234
4689,2181576,0.46891894680368124,114,405863,0.5693478065696298,"
You have 4689 out of 10000 Pokos and 114 out of 201 treasures.",2024-06-01 21:31:15.272873
4696,2185132,0.46968329137606096,114,406449,0.5701698519757146,"
You have 4696 out of 10000 Pokos and 114 out of 201 treasures.",2024-06-01 22:23:17.123228
4699,2186296,0.46993348740594004,114,406641,0.5704391910848755,"
You have 4699 out of 10000 Pokos and 114 out of 201 treasures.",2024-06-01 23:30:32.355887
4703,2188436,0.4703934697976421,114,406959,0.5708852839844232,"
You have 4703 out of 10000 Pokos and 114 out of 201 treasures.",2024-06-01 23:52:07.484600
4707,2189888,0.47070556999986246,114,407070,0.5710409956569069,"
You have 4707 out of 10000 Pokos and 114 out of 201 treasures.",2024-06-02 20:00:14.296051
4715,2193624,0.4715086046799554,114,407252,0.5712963066874657,"
You have 4715 out of 10000 Pokos and 114 out of 201 treasures.",2024-06-02 20:38:19.330730
4715,2193708,0.4715266600635549,114,407252,0.5712963066874657,"
You have 4715 out of 10000 Pokos and 114 out of 201 treasures.",2024-06-04 16:20:22.820604
4744,2207084,0.47440176495673586,115,407984,0.5723231620411415,"
You have 4744 out of 10000 Pokos and 115 out of 201 treasures.",2024-06-05 19:27:18.120743
4757,2213328,0.4757438818043003,115,408538,0.5731003175956996,"
You have 4757 out of 10000 Pokos and 115 out of 201 treasures.",2024-06-05 21:35:34.843904
4760,2214760,0.47605168310566354,115,408550,0.573117151290022,"
You have 4760 out of 10000 Pokos and 115 out of 201 treasures.",2024-06-09 23:31:56.489073
4771,2220020,0.47718229403106216,115,408646,0.5732518208446026,"
You have 4771 out of 10000 Pokos and 115 out of 201 treasures.",2024-06-10 00:15:31.002873
4785,2226612,0.47859921175353887,115,409823,0.5749029256960733,"
You have 4785 out of 10000 Pokos and 115 out of 201 treasures.",2024-06-12 00:26:27.027041
4800,2233584,0.4800978085922991,115,410180,0.5754037281021693,"
You have 4800 out of 10000 Pokos and 115 out of 201 treasures.",2024-06-12 19:40:37.771387
4801,2233808,0.4801459562818978,115,410180,0.5754037281021693,"
You have 4801 out of 10000 Pokos and 115 out of 201 treasures.",2024-06-12 13:59:44.487264
4803,2234836,0.48036691978594914,115,410232,0.5754766741109004,"
You have 4803 out of 10000 Pokos and 115 out of 201 treasures.",2024-06-13 17:40:00.559601
4839,2251656,0.4839822954067104,115,411285,0.5769538307877047,"
You have 4839 out of 10000 Pokos and 115 out of 201 treasures.",2024-06-24 00:11:02.360510
4861,2261872,0.48617817396448076,116,411753,0.5776103448662844,"
You have 4861 out of 10000 Pokos and 116 out of 201 treasures.",2024-06-24 04:44:22.482235
4877,2269120,0.48773609563506803,116,412463,0.5786063384470356,"
You have 4877 out of 10000 Pokos and 116 out of 201 treasures.",2024-06-25 17:51:04.193751
4883,2271820,0.48831644725076695,116,412610,0.5788125512024869,"
You have 4883 out of 10000 Pokos and 116 out of 201 treasures.",2024-06-25 18:18:54.264891
4889,2274828,0.4889630019396641,116,412742,0.5789977218400351,"
You have 4889 out of 10000 Pokos and 116 out of 201 treasures.",2024-06-28 14:31:03.505564
4888,2274524,0.4888976586466372,116,412742,0.5789977218400351,"
You have 4888 out of 10000 Pokos and 116 out of 201 treasures.",2024-06-29 21:04:12.894883
4889,2274828,0.4889630019396641,116,412742,0.5789977218400351,"
You have 4889 out of 10000 Pokos and 116 out of 201 treasures.",2024-07-12 12:32:22.549081
